{
  "appName": "RS3 Ultimate Quest Helper",
  "description": "Complete quest helper with pathfinding, map overlays, and full progression tracking from new account to comp cape",
  "appUrl": "index.html",
  "configUrl": "appconfig.json",
  "iconUrl": "icon.png",
  "defaultWidth": 400,
  "defaultHeight": 600,
  "minWidth": 350,
  "minHeight": 400,
  "maxWidth": 1200,
  "maxHeight": 1000,
  "permissions": [
    "pixel",
    "overlay",
    "gamestate"
  ],
  "activators": [
    "quest"
  ],
  "author": "RS3 Ultimate Helper Team",
  "version": "1.0.0"
}
